timestamp,memory_used_mib
2026-06-14T20:28:27.1096528+08:00
13
2026-06-14T20:28:28.1829257+08:00
13
2026-06-14T20:28:29.2533668+08:00
298
2026-06-14T20:28:30.3197193+08:00
302
2026-06-14T20:28:31.3682015+08:00
330
2026-06-14T20:28:32.4358745+08:00
330
2026-06-14T20:28:33.4901177+08:00
330
2026-06-14T20:28:34.5415780+08:00
330
2026-06-14T20:28:35.5902582+08:00
332
2026-06-14T20:28:36.6361468+08:00
332
2026-06-14T20:28:37.6926569+08:00
332
2026-06-14T20:28:38.7431260+08:00
334
2026-06-14T20:28:39.7953069+08:00
354
2026-06-14T20:28:40.8333242+08:00
354
2026-06-14T20:28:41.8697059+08:00
354
2026-06-14T20:28:42.9207833+08:00
356
2026-06-14T20:28:43.9725343+08:00
356
2026-06-14T20:28:45.0231608+08:00
356
2026-06-14T20:28:46.0669067+08:00
358
2026-06-14T20:28:47.1185618+08:00
358
2026-06-14T20:28:48.1702285+08:00
356
2026-06-14T20:28:49.2086373+08:00
356
2026-06-14T20:28:50.2531121+08:00
356
2026-06-14T20:28:51.2971758+08:00
356
2026-06-14T20:28:52.3403998+08:00
356
2026-06-14T20:28:53.3836643+08:00
356
2026-06-14T20:28:54.4348288+08:00
356
2026-06-14T20:28:55.4821769+08:00
356
2026-06-14T20:28:56.5316874+08:00
356
2026-06-14T20:28:57.5754296+08:00
356
2026-06-14T20:28:58.6178549+08:00
358
2026-06-14T20:28:59.6584873+08:00
356
2026-06-14T20:29:00.7094403+08:00
358
2026-06-14T20:29:01.7592366+08:00
358
2026-06-14T20:29:02.8008325+08:00
358
2026-06-14T20:29:03.8510668+08:00
358
2026-06-14T20:29:04.9200048+08:00
358
2026-06-14T20:29:05.9656391+08:00
356
2026-06-14T20:29:07.0120180+08:00
356
2026-06-14T20:29:08.0727700+08:00
356
2026-06-14T20:29:09.1268559+08:00
356
2026-06-14T20:29:10.1742736+08:00
356
2026-06-14T20:29:11.2115895+08:00
356
2026-06-14T20:29:12.2566406+08:00
356
2026-06-14T20:29:13.2992514+08:00
356
2026-06-14T20:29:14.3489033+08:00
358
2026-06-14T20:29:15.3894081+08:00
356
2026-06-14T20:29:16.4380759+08:00
356
2026-06-14T20:29:17.4881437+08:00
356
2026-06-14T20:29:18.5336632+08:00
358
2026-06-14T20:29:19.5754077+08:00
356
2026-06-14T20:29:20.6287884+08:00
356
2026-06-14T20:29:21.6630562+08:00
356
2026-06-14T20:29:22.7147038+08:00
356
2026-06-14T20:29:23.7520995+08:00
356
2026-06-14T20:29:24.7976377+08:00
356
2026-06-14T20:29:25.8372408+08:00
356
2026-06-14T20:29:26.8831906+08:00
356
2026-06-14T20:29:27.9188331+08:00
356
2026-06-14T20:29:28.9519540+08:00
356
2026-06-14T20:29:29.9956991+08:00
356
2026-06-14T20:29:31.0358796+08:00
356
2026-06-14T20:29:32.0845537+08:00
356
2026-06-14T20:29:33.1354319+08:00
356
2026-06-14T20:29:34.1865580+08:00
356
2026-06-14T20:29:35.2273505+08:00
356
2026-06-14T20:29:36.2607300+08:00
356
2026-06-14T20:29:37.3077917+08:00
356
2026-06-14T20:29:38.3446755+08:00
356
2026-06-14T20:29:39.3934435+08:00
356
2026-06-14T20:29:40.4420939+08:00
356
2026-06-14T20:29:41.4835697+08:00
356
2026-06-14T20:29:42.5386290+08:00
356
2026-06-14T20:29:43.5874928+08:00
356
2026-06-14T20:29:44.6430527+08:00
356
2026-06-14T20:29:45.6914856+08:00
356
2026-06-14T20:29:46.7487055+08:00
356
2026-06-14T20:29:47.7954574+08:00
356
2026-06-14T20:29:48.8475537+08:00
356
2026-06-14T20:29:49.8988516+08:00
356
2026-06-14T20:29:50.9518924+08:00
356
2026-06-14T20:29:51.9982357+08:00
356
2026-06-14T20:29:53.0405465+08:00
356
2026-06-14T20:29:54.0847514+08:00
354
2026-06-14T20:29:55.1283891+08:00
356
2026-06-14T20:29:56.1783819+08:00
356
2026-06-14T20:29:57.2280891+08:00
356
2026-06-14T20:29:58.2758887+08:00
356
2026-06-14T20:29:59.3199002+08:00
356
2026-06-14T20:30:00.3731682+08:00
356
2026-06-14T20:30:01.4301894+08:00
356
2026-06-14T20:30:02.4668825+08:00
356
2026-06-14T20:30:03.5110217+08:00
356
2026-06-14T20:30:04.5618100+08:00
356
2026-06-14T20:30:05.5999382+08:00
356
2026-06-14T20:30:06.6354824+08:00
356
2026-06-14T20:30:07.6779174+08:00
356
2026-06-14T20:30:08.7122022+08:00
356
2026-06-14T20:30:09.7412507+08:00
356
2026-06-14T20:30:10.7874354+08:00
356
2026-06-14T20:30:11.8344625+08:00
356
2026-06-14T20:30:12.8767241+08:00
356
2026-06-14T20:30:13.9190602+08:00
356
2026-06-14T20:30:14.9548877+08:00
356
2026-06-14T20:30:16.0015718+08:00
356
2026-06-14T20:30:17.0508979+08:00
356
2026-06-14T20:30:18.1031207+08:00
356
2026-06-14T20:30:19.1550593+08:00
356
2026-06-14T20:30:20.2071413+08:00
356
2026-06-14T20:30:21.2453257+08:00
356
2026-06-14T20:30:22.2951972+08:00
356
2026-06-14T20:30:23.3237435+08:00
356
2026-06-14T20:30:24.3665594+08:00
356
2026-06-14T20:30:25.4153528+08:00
356
2026-06-14T20:30:26.4523855+08:00
356
2026-06-14T20:30:27.4899545+08:00
356
2026-06-14T20:30:28.5334288+08:00
356
2026-06-14T20:30:29.5689335+08:00
356
2026-06-14T20:30:30.6267615+08:00
356
2026-06-14T20:30:31.6787261+08:00
356
2026-06-14T20:30:32.7473861+08:00
356
2026-06-14T20:30:33.7994444+08:00
356
2026-06-14T20:30:34.8505292+08:00
356
2026-06-14T20:30:35.8871141+08:00
356
2026-06-14T20:30:36.9326693+08:00
356
2026-06-14T20:30:37.9798488+08:00
356
2026-06-14T20:30:39.0262398+08:00
356
2026-06-14T20:30:40.0799059+08:00
356
2026-06-14T20:30:41.1285619+08:00
356
2026-06-14T20:30:42.1655416+08:00
356
2026-06-14T20:30:43.2173255+08:00
356
2026-06-14T20:30:44.2692636+08:00
356
2026-06-14T20:30:45.3050128+08:00
356
2026-06-14T20:30:46.3383954+08:00
356
2026-06-14T20:30:47.3811906+08:00
356
2026-06-14T20:30:48.4350104+08:00
356
2026-06-14T20:30:49.4841635+08:00
356
2026-06-14T20:30:50.5351910+08:00
356
2026-06-14T20:30:51.5865482+08:00
356
2026-06-14T20:30:52.6351160+08:00
356
2026-06-14T20:30:53.6913259+08:00
356
2026-06-14T20:30:54.7393855+08:00
356
2026-06-14T20:30:55.8107103+08:00
356
2026-06-14T20:30:56.8660442+08:00
356
2026-06-14T20:30:57.9163188+08:00
356
2026-06-14T20:30:58.9620839+08:00
356
2026-06-14T20:31:00.0137411+08:00
356
2026-06-14T20:31:01.0680303+08:00
356
2026-06-14T20:31:02.1031178+08:00
356
2026-06-14T20:31:03.1490068+08:00
356
2026-06-14T20:31:04.1953903+08:00
356
2026-06-14T20:31:05.2433498+08:00
356
2026-06-14T20:31:06.3038143+08:00
356
2026-06-14T20:31:07.3483538+08:00
356
2026-06-14T20:31:08.4040174+08:00
356
2026-06-14T20:31:09.4686099+08:00
356
2026-06-14T20:31:10.5282022+08:00
356
2026-06-14T20:31:11.5630846+08:00
356
2026-06-14T20:31:12.6216752+08:00
356
2026-06-14T20:31:13.6655463+08:00
356
2026-06-14T20:31:14.7104377+08:00
356
2026-06-14T20:31:15.7650628+08:00
356
2026-06-14T20:31:16.8176093+08:00
356
2026-06-14T20:31:17.8580574+08:00
356
2026-06-14T20:31:18.8954107+08:00
356
2026-06-14T20:31:19.9369257+08:00
356
2026-06-14T20:31:20.9889398+08:00
356
